{"cameraMode":{"drawMode":0,"name":"Shaded","section":"Shading Mode"},"sceneLighting":true,"audioPlay":false,"sceneViewState":{"m_AlwaysRefresh":false,"showFog":true,"showSkybox":true,"showFlares":true,"showImageEffects":true,"showParticleSystems":true,"showVisualEffectGraphs":true,"m_FxEnabled":true},"in2DMode":false,"pivot":{"x":-0.29672718048095705,"y":-27.98120880126953,"z":-19.821796417236329},"rotation":{"x":0.00417574355378747,"y":0.8943333029747009,"z":-0.44734853506088259,"w":0.008309511467814446},"size":25.458656311035158,"orthographic":false}